fpr,tpr,threshold
0.0,0.0,1.9999999999993217
0.0,0.0004470272686633885,0.9999999999993217
0.0,0.03755029056772463,0.9999999999985294
0.0,0.03844434510505141,0.9999999999985116
0.0,0.04783191774698257,0.9999999999971141
0.0,0.048725972284309346,0.9999999999971083
0.0,0.11086276262852034,0.9999999999941138
0.0,0.11175681716584712,0.9999999999940967
0.0,0.45686186857398303,0.9929841250981122
0.0008754650908295032,0.45686186857398303,0.9466194000175219
0.0008754650908295032,0.46222619579794366,0.9401224240325027
0.000984898227183191,0.46222619579794366,0.9394551584405383
0.0017509301816590063,0.46222619579794366,0.939454101153745
0.002188662727073758,0.46222619579794366,0.9393622480396255
0.0028452615451958854,0.46222619579794366,0.9393545159061082
0.003064127817903261,0.46222619579794366,0.939353407722245
0.0037207266360253883,0.46222619579794366,0.9393267193978732
0.004049026045086452,0.46222619579794366,0.9392993546209556
0.004267892317793828,0.46222619579794366,0.9392321703641123
0.004267892317793828,0.4626732230666071,0.9385028723253019
0.004377325454147516,0.4626732230666071,0.93844422767888
0.004377325454147516,0.4640143048725972,0.9379744662953321
0.004486758590501204,0.4640143048725972,0.9376131654894194
0.004486758590501204,0.46624944121591416,0.9297792863055401
0.004596191726854892,0.46624944121591416,0.9273043843288895
0.004596191726854892,0.4689316048278945,0.920321323378643
0.004924491135915955,0.4689316048278945,0.9190645430938071
0.004924491135915955,0.47116674117121143,0.9115814442635884
0.005143357408623331,0.47116674117121143,0.9095782942578452
0.005143357408623331,0.4725078229772016,0.9082337248982507
0.005252790544977019,0.4725078229772016,0.9080146445090377
0.005252790544977019,0.47831917746982566,0.8980861156432431
0.005471656817684395,0.47831917746982566,0.8975244514133232
0.005471656817684395,0.478766204738489,0.8973378849768939
0.005581089954038083,0.478766204738489,0.8958225903658296
0.005581089954038083,0.4805543138131426,0.8925309303335214
0.005690523090391771,0.4805543138131426,0.891276831005311
0.005690523090391771,0.481001341081806,0.8899554774389518
0.005909389363099146,0.481001341081806,0.8870189817442701
0.005909389363099146,0.48323647742512293,0.8777030825212819
0.007769752681111841,0.48323647742512293,0.8134447095906088
0.007769752681111841,0.48368350469378635,0.8127397281323135
0.007879185817465528,0.48368350469378635,0.8126642048328626
0.007879185817465528,0.4841305319624497,0.8121917978012779
0.007988618953819216,0.4841305319624497,0.8120550887122108
0.007988618953819216,0.4845775592311131,0.811393800539687
0.008098052090172904,0.4845775592311131,0.8111254766056981
0.008098052090172904,0.48591864103710325,0.8105844392455833
0.008207485226526593,0.48591864103710325,0.810444060498385
0.008207485226526593,0.48636566830576666,0.8091032546557485
0.008535784635587657,0.48636566830576666,0.8081099635844103
0.008973517181002408,0.48636566830576666,0.8077588667757187
0.009082950317356096,0.48636566830576666,0.8077451725460385
0.009082950317356096,0.4877067501117568,0.8055047513528845
0.009192383453709783,0.4877067501117568,0.8052115766635355
0.009192383453709783,0.4886008046490836,0.8025614886679988
0.009411249726417159,0.4886008046490836,0.8019129490446143
0.009411249726417159,0.489047831917747,0.8008054263013312
0.009520682862770847,0.489047831917747,0.799411840222505
0.009520682862770847,0.48994188645507375,0.797836522285092
0.009958415408185598,0.48994188645507375,0.7959998352475564
0.009958415408185598,0.4908359409924005,0.7948067780066238
0.010067848544539286,0.4908359409924005,0.7947801265554959
0.010067848544539286,0.4917299955297273,0.7945599675867561
0.010833880499015102,0.4917299955297273,0.7888925072805906
0.010833880499015102,0.4921770227983907,0.7885466910329024
0.011709345589844605,0.4921770227983907,0.7817244669328276
0.011709345589844605,0.49262405006705406,0.7799809986152157
0.011818778726198293,0.49262405006705406,0.778663801996179
0.011818778726198293,0.4935181046043809,0.775411961274915
0.012256511271613044,0.4935181046043809,0.7733471015300611
0.012256511271613044,0.49396513187304425,0.7728869559750071
0.01247537754432042,0.49396513187304425,0.7721058005042865
0.01247537754432042,0.49530621367903443,0.7701096182871568
0.012694243817027795,0.49530621367903443,0.7691668712925596
0.012694243817027795,0.4957532409476978,0.7675479631209294
0.012803676953381483,0.4957532409476978,0.7670994023140721
0.012803676953381483,0.4962002682163612,0.7669006224160629
0.013241409498796236,0.4962002682163612,0.7650527635454323
0.013241409498796236,0.49798837729101475,0.7638305259929897
0.013350842635149924,0.49798837729101475,0.7627593560834915
0.013350842635149924,0.49843540455967816,0.7609818802279344
0.0135697089078573,0.49843540455967816,0.7594736476946519
0.0135697089078573,0.4988824318283415,0.7583007391382782
0.013679142044210987,0.4988824318283415,0.7578494058373648
0.013679142044210987,0.4997764863656683,0.7567332190092534
0.013788575180564675,0.4997764863656683,0.7563930993807637
0.013788575180564675,0.5002235136343317,0.7561100724218957
0.013898008316918363,0.5002235136343317,0.7554586471086099
0.013898008316918363,0.5006705409029951,0.7540436450216967
0.014116874589625739,0.5006705409029951,0.7536664142848138
0.014116874589625739,0.5011175681716584,0.7522315210713066
0.014445173998686802,0.5011175681716584,0.7500767812379407
0.014445173998686802,0.5015645954403218,0.7499852503724451
0.014664040271394178,0.5015645954403218,0.7476546392312047
0.014664040271394178,0.5024586499776487,0.7473349226005971
0.014882906544101553,0.5024586499776487,0.7465360793581137
0.014882906544101553,0.5029056772463121,0.7463474128071403
0.014992339680455241,0.5029056772463121,0.745868776059971
0.014992339680455241,0.5033527045149754,0.7458554085599897
0.015211205953162618,0.5033527045149754,0.7448776975605763
0.015211205953162618,0.5042467590523022,0.7445140860302956
0.015648938498577368,0.5042467590523022,0.7438914551700102
0.015648938498577368,0.5046937863209656,0.7437750594772776
0.015758371634931056,0.5046937863209656,0.7435123396518911
0.015758371634931056,0.5060348681269558,0.743082946966901
0.01608667104399212,0.5060348681269558,0.7422711792878326
0.01608667104399212,0.5064818953956192,0.7420189973162368
0.016524403589406874,0.5064818953956192,0.7410626311402227
0.016524403589406874,0.5069289226642825,0.7408351106929832
0.016633836725760562,0.5069289226642825,0.7407118434074201
0.016633836725760562,0.5078229772016093,0.7391347630498437
0.01674326986211425,0.5078229772016093,0.7382459059442922
0.01674326986211425,0.5096110862762628,0.7365261643422821
0.016852702998467937,0.5096110862762628,0.7360660043722723
0.016852702998467937,0.5122932498882432,0.7337336242633796
0.016962136134821625,0.5122932498882432,0.7333275995516216
0.016962136134821625,0.5167635225748771,0.7284488735979582
0.017071569271175313,0.5167635225748771,0.7271963631094932
0.017071569271175313,0.5172105498435404,0.7258043043736322
0.017181002407529,0.5172105498435404,0.7254396832208517
0.017181002407529,0.5181046043808673,0.7239137473774222
0.01729043554388269,0.5181046043808673,0.7235783606674825
0.01729043554388269,0.5185516316495307,0.7229494470844656
0.017509301816590064,0.5185516316495307,0.7203981031073673
0.017509301816590064,0.5194456861868574,0.7186350750234108
0.017618734952943752,0.5194456861868574,0.7185219478709116
0.017618734952943752,0.5212337952615109,0.7164775068748874
0.017837601225651128,0.5212337952615109,0.7138694408714613
0.017837601225651128,0.5234689316048279,0.7117440635664836
0.017947034362004816,0.5234689316048279,0.7115246706151968
0.017947034362004816,0.5239159588734913,0.7114855657322154
0.018056467498358503,0.5239159588734913,0.7097281046837697
0.018056467498358503,0.524810013410818,0.7077754660975752
0.01816590063471219,0.524810013410818,0.707381422260512
0.01816590063471219,0.5274921770227984,0.7055005522721018
0.01827533377106588,0.5274921770227984,0.7045125878158943
0.01827533377106588,0.5279392042914618,0.7043777559561492
0.018494200043773255,0.5279392042914618,0.7039059119505808
0.018494200043773255,0.5306213679034422,0.7013774473735753
0.018603633180126943,0.5306213679034422,0.7006350961077529
0.018603633180126943,0.5315154224407689,0.6998898372872694
0.018822499452834318,0.5315154224407689,0.6975258507524341
0.018822499452834318,0.5319624497094323,0.6967383592705341
0.019041365725541694,0.5319624497094323,0.6960883263884404
0.019041365725541694,0.532856504246759,0.6945417921885167
0.01915079886189538,0.532856504246759,0.6941656396640752
0.01915079886189538,0.5346446133214126,0.6931261017535941
0.019369665134602757,0.5346446133214126,0.6922931339559519
0.019369665134602757,0.535091640590076,0.691217411306974
0.019479098270956445,0.535091640590076,0.6911895025351084
0.019479098270956445,0.5373267769333929,0.6899786169535466
0.01980739768001751,0.5373267769333929,0.688679833467455
0.01980739768001751,0.5382208314707198,0.6884563845548369
0.020026263952724884,0.5382208314707198,0.6879825152097678
0.020026263952724884,0.538667858739383,0.687752784863705
0.020026263952724884,0.5395619132767099,0.6876937358777938
0.02024513022543226,0.5395619132767099,0.685521062799285
0.02024513022543226,0.543138131426017,0.6792038371056964
0.020354563361785948,0.543138131426017,0.678401392004891
0.020354563361785948,0.5435851586946804,0.6775014855725902
0.020463996498139635,0.5435851586946804,0.6771837722599476
0.020463996498139635,0.5440321859633438,0.676615334695324
0.020573429634493323,0.5440321859633438,0.6765951656973147
0.020573429634493323,0.5449262405006705,0.6751679393232548
0.02068286277084701,0.5449262405006705,0.6748286711998378
0.02068286277084701,0.5453732677693339,0.6746567447018073
0.0207922959072007,0.5453732677693339,0.673936901763519
0.0207922959072007,0.5458202950379973,0.6734465135493048
0.020901729043554387,0.5458202950379973,0.6726701752491009
0.020901729043554387,0.5471613768439875,0.6713758402079018
0.021120595316261766,0.5471613768439875,0.6700017586860754
0.021120595316261766,0.5480554313813143,0.6676341051979593
0.021230028452615454,0.5480554313813143,0.6669302613456795
0.021230028452615454,0.548949485918641,0.663622667054654
0.02133946158896914,0.548949485918641,0.6629860884009995
0.02133946158896914,0.5493965131873044,0.6627675479613909
0.021777194134383893,0.5493965131873044,0.6602992092875006
0.021777194134383893,0.5502905677246313,0.6593215020344237
0.02188662727073758,0.5502905677246313,0.6592105763033277
0.02188662727073758,0.5525257040679481,0.6570420123079457
0.021996060407091268,0.5525257040679481,0.6569074994648415
0.021996060407091268,0.5529727313366115,0.6563494471084911
0.022214926679798644,0.5529727313366115,0.6552757278772612
0.022214926679798644,0.5556548949485919,0.6510815441940329
0.02232435981615233,0.5556548949485919,0.6495686381532618
0.02232435981615233,0.5578900312919088,0.6459028974206359
0.02243379295250602,0.5578900312919088,0.6429961723185961
0.02243379295250602,0.5601251676352258,0.6413719571771772
0.022762092361567083,0.5601251676352258,0.6389887423390697
0.022762092361567083,0.562807331247206,0.6337059663162284
0.02287152549792077,0.562807331247206,0.6302021632565806
0.02287152549792077,0.5632543585158695,0.6212067190752814
0.02298095863427446,0.5632543585158695,0.6181388818766774
0.02298095863427446,0.5663835493965131,0.6038919297442886
0.023090391770628146,0.5663835493965131,0.6023608214725854
0.023090391770628146,0.5681716584711668,0.6005760242798183
0.023528124316042898,0.5681716584711668,0.5917253977161288
0.023528124316042898,0.5721949038891372,0.5808062730662246
0.023637557452396585,0.5721949038891372,0.5798092565651276
0.023637557452396585,0.5757711220384444,0.5769935398943639
0.023746990588750273,0.5757711220384444,0.5769043704544887
0.023746990588750273,0.5784532856504246,0.5712643285059893
0.02385642372510396,0.5784532856504246,0.5710699203819165
0.02385642372510396,0.5789003129190881,0.5707469682401501
0.02396585686145765,0.5789003129190881,0.570710548133582
0.02396585686145765,0.5824765310683951,0.565235421027748
0.024075289997811337,0.5824765310683951,0.5643523750941912
0.024075289997811337,0.5829235583370586,0.5641795509471804
0.024184723134165025,0.5829235583370586,0.5615732024737776
0.024184723134165025,0.5860527492177022,0.5550217277341755
0.024294156270518712,0.5860527492177022,0.5549955153347859
0.024294156270518712,0.5869468037550291,0.5540452510405607
0.024622455679579776,0.5869468037550291,0.5538040040022488
0.024622455679579776,0.5936522127849799,0.5423891898634472
0.024731888815933464,0.5936522127849799,0.5416175786676686
0.024731888815933464,0.5981224854716137,0.5344805622528465
0.02484132195228715,0.5981224854716137,0.5335948601761569
0.025279054497701903,0.5981224854716137,0.5335902341158097
0.025279054497701903,0.5985695127402771,0.5334223118287499
0.02549792077040928,0.5985695127402771,0.5331548207816122
0.02615451958853141,0.5985695127402771,0.5329685684822936
0.026482818997592472,0.5985695127402771,0.5329114858516962
0.026701685270299848,0.5985695127402771,0.5328459554359304
0.026920551543007223,0.5985695127402771,0.5328368628666551
0.026920551543007223,0.6008046490835941,0.5240137947909428
0.02702998467936091,0.6008046490835941,0.5233841739258813
0.02702998467936091,0.6043808672329012,0.5178633864317136
0.0271394178157146,0.6043808672329012,0.5172454621784369
0.0271394178157146,0.6070630308448816,0.5114864867047564
0.02757715036112935,0.6070630308448816,0.5080434010197252
0.027905449770190414,0.6070630308448816,0.5080431849344343
0.0280148829065441,0.6070630308448816,0.5079886773239739
0.0280148829065441,0.6177916852928028,0.48445803995825637
0.02812431604289779,0.6177916852928028,0.4841464763396922
0.02812431604289779,0.6410371032632991,0.42732218862849264
0.028233749179251477,0.6410371032632991,0.4254359845735235
0.028233749179251477,0.6441662941439428,0.421371287115479
0.028343182315605165,0.6441662941439428,0.4213618366584682
0.028343182315605165,0.6446133214126062,0.42115557934577297
0.02856204858831254,0.6446133214126062,0.4197725813030039
0.02856204858831254,0.6477425122932499,0.4151044695367188
0.02867148172466623,0.6477425122932499,0.4150317790233971
0.02867148172466623,0.6481895395619133,0.41473378665430144
0.028780914861019916,0.6481895395619133,0.41461654388348146
0.028780914861019916,0.6508717031738936,0.41071453813290393
0.028890347997373604,0.6508717031738936,0.4087684901288038
0.028890347997373604,0.6624944121591417,0.401905800567293
0.028999781133727292,0.6624944121591417,0.40156333664955196
0.028999781133727292,0.6700938757264193,0.3946931165640312
0.02910921427008098,0.6700938757264193,0.39430798967045405
0.02910921427008098,0.6723290120697363,0.3925336459422366
0.029218647406434668,0.6723290120697363,0.39223475332272933
0.029218647406434668,0.673223066607063,0.3917580756387187
0.029328080542788355,0.673223066607063,0.3917347874496663
0.029328080542788355,0.6781403665623603,0.3873494406575336
0.029437513679142043,0.6781403665623603,0.386666608781131
0.029437513679142043,0.6799284756370139,0.3854145827189765
0.029765813088203107,0.6799284756370139,0.3851461678731906
0.029765813088203107,0.6808225301743407,0.38503794485774406
0.029984679360910482,0.6808225301743407,0.3848304750372391
0.029984679360910482,0.6817165847116674,0.38438704893754144
0.03009411249726417,0.6817165847116674,0.3843142571691958
0.03009411249726417,0.6821636119803308,0.3841154085517688
0.030312978769971546,0.6821636119803308,0.3840340388202879
0.030312978769971546,0.6933392936969155,0.37976166184215476
0.030422411906325237,0.6933392936969155,0.37968813058589324
0.030422411906325237,0.6955744300402324,0.3787484676504558
0.030641278179032613,0.6955744300402324,0.3778162937265968
0.030641278179032613,0.6969155118462226,0.3770595657214494
0.0316261764062158,0.7063030844881538,0.37705146431783115
0.0316261764062158,0.7085382208314707,0.3759837574988681
0.03173560954256949,0.7085382208314707,0.3759447228722647
0.03173560954256949,0.7094322753687975,0.3756891665622122
0.03184504267892318,0.7094322753687975,0.3747856084033477
0.03184504267892318,0.7098793026374609,0.3745155103487078
0.03195447581527686,0.7098793026374609,0.3743235023414988
0.03195447581527686,0.7107733571747876,0.37415259215321045
0.03217334208798424,0.7107733571747876,0.3736244166636076
0.03217334208798424,0.711220384443451,0.3735064962333704
0.032392208360691614,0.711220384443451,0.3730953350300979
0.032392208360691614,0.7121144389807779,0.3727587982146535
0.032501641497045305,0.7121144389807779,0.37271979697047747
0.032501641497045305,0.7139025480554314,0.37113821374777484
0.03261107463339899,0.7139025480554314,0.37108844722114714
0.03261107463339899,0.7183728207420653,0.36668805193920134
0.03272050776975268,0.7183728207420653,0.3661079463285054
0.03272050776975268,0.7188198480107286,0.36591042026762427
0.03282994090610637,0.7188198480107286,0.36573641681209934
0.03282994090610637,0.7206079570853822,0.3648824217059547
0.03304880717881375,0.7206079570853822,0.3640890178658578
0.03304880717881375,0.7246312025033527,0.36137423904529664
0.03315824031516743,0.7246312025033527,0.36094988079595297
0.03315824031516743,0.7255252570406795,0.3608093368366425
0.033267673451521124,0.7255252570406795,0.36024779526698153
0.033267673451521124,0.7259722843093429,0.3598179281776193
0.0334865397242285,0.7259722843093429,0.35912235908279855
0.0334865397242285,0.7277603933839965,0.35803381346037905
0.034033705405996935,0.7277603933839965,0.3579970145701371
0.034033705405996935,0.7286544479213232,0.35707989331101064
0.034143138542350626,0.7286544479213232,0.3566011330658976
0.034143138542350626,0.7291014751899866,0.3563525807002501
0.03425257167870431,0.7291014751899866,0.35628716781566044
0.03425257167870431,0.7304425569959767,0.3561230300836435
0.034471437951411686,0.7304425569959767,0.35589641449468556
0.034471437951411686,0.7340187751452839,0.354731088309959
0.03458087108776538,0.7340187751452839,0.3547103462808254
0.03458087108776538,0.7349128296826106,0.35445675216778816
0.03490917049682644,0.7349128296826106,0.35388872430013063
0.03501860363318013,0.7349128296826106,0.3538873827334432
0.03501860363318013,0.7358068842199375,0.35342951903261066
0.03512803676953381,0.7358068842199375,0.3533456618473016
0.03512803676953381,0.7367009387572642,0.35311830744189937
0.035237469905887504,0.7367009387572642,0.35260961118211115
0.035237469905887504,0.737594993294591,0.35229728458289167
0.03534690304224119,0.737594993294591,0.3519676081768218
0.03534690304224119,0.7407241841752347,0.34928933384965155
0.035565769314948564,0.7407241841752347,0.3489640475686525
0.035565769314948564,0.7411712114438981,0.34882095123770823
0.035675202451302256,0.7411712114438981,0.3483826238444308
0.035675202451302256,0.7420652659812249,0.3483321060116416
0.03589406872400963,0.7420652659812249,0.3474962096897037
0.03589406872400963,0.7438533750558785,0.34609015344868327
0.036003501860363316,0.7438533750558785,0.3456691494183298
0.036003501860363316,0.7447474295932052,0.3446075061009831
0.03611293499671701,0.7447474295932052,0.3444934100832114
0.03611293499671701,0.7460885113991953,0.3442161674495931
0.03633180126942438,0.7460885113991953,0.34408698927461445
0.03633180126942438,0.7469825659365221,0.34401470906610976
0.03644123440577807,0.7469825659365221,0.34398265468679173
0.03644123440577807,0.7474295932051855,0.34393274839104887
0.03655066754213176,0.7474295932051855,0.3438141512206845
0.03655066754213176,0.747876620473849,0.34377498363860154
0.036769533814839134,0.747876620473849,0.3428520801337871
0.036769533814839134,0.7505587840858292,0.3401221765298676
0.03687896695119282,0.7505587840858292,0.3401166800430942
0.03687896695119282,0.7510058113544926,0.33997341350079957
0.03698840008754651,0.7510058113544926,0.33934651927750015
0.03698840008754651,0.7518998658918195,0.33903085261068794
0.037097833223900194,0.7518998658918195,0.33878936994273257
0.037097833223900194,0.753687974966473,0.3380402221838406
0.037207266360253885,0.753687974966473,0.33772542116475507
0.037207266360253885,0.7541350022351363,0.33732704279985476
0.03731669949660757,0.7541350022351363,0.33714402079569766
0.03731669949660757,0.75592311130979,0.33644079765382645
0.03742613263296126,0.75592311130979,0.33635959316225406
0.03742613263296126,0.7563701385784533,0.3361063635596794
0.03753556576931495,0.7563701385784533,0.33603597873537283
0.03753556576931495,0.7581582476531068,0.3330380848870258
0.037644998905668636,0.7581582476531068,0.3326146616858428
0.037644998905668636,0.7608404112650872,0.3293524012652432
0.03775443204202233,0.7608404112650872,0.3292520270546768
0.03775443204202233,0.761734465802414,0.3280865154257046
0.03786386517837601,0.761734465802414,0.32806965195884047
0.03786386517837601,0.7635225748770675,0.32705158961899944
0.0379732983147297,0.7635225748770675,0.32699212470534794
0.0379732983147297,0.7648636566830577,0.32641261124771204
0.03808273145108339,0.7648636566830577,0.3263974076069552
0.03808273145108339,0.767545820295038,0.32411863898223897
0.03830159772379076,0.767545820295038,0.32307816544462287
0.03830159772379076,0.7679928475637013,0.3224616197180662
0.038411030860144454,0.7679928475637013,0.322459268017113
0.038411030860144454,0.7693339293696916,0.3219341695537429
0.03852046399649814,0.7693339293696916,0.32167983802553957
0.03852046399649814,0.7697809566383549,0.32163874202887555
0.03862989713285183,0.7697809566383549,0.3215467805174209
0.03862989713285183,0.7702279839070183,0.32146707592671264
0.038848763405559206,0.7702279839070183,0.32140191653220634
0.038848763405559206,0.7706750111756817,0.321006559981624
0.039177062814620266,0.7706750111756817,0.3195300870297753
0.039177062814620266,0.7733571747876621,0.3164399242835142
0.03939592908732764,0.7733571747876621,0.3159717339000316
0.03939592908732764,0.7738042020563254,0.3151787810469992
0.03972422849638871,0.7738042020563254,0.31418839778430946
0.03972422849638871,0.7751452838623156,0.31394111687393006
0.03983366163274239,0.7751452838623156,0.3135988301908542
0.03983366163274239,0.7769333929369692,0.312433944531282
0.039943094769096084,0.7769333929369692,0.3120372858833847
0.039943094769096084,0.7773804202056326,0.3119532841908127
0.04016196104180346,0.7773804202056326,0.31143463121221376
0.04016196104180346,0.7796155565489495,0.3100508545501715
0.040271394178157144,0.7796155565489495,0.3095496223247838
0.040271394178157144,0.7814036656236031,0.3071322877433614
0.040380827314510835,0.7814036656236031,0.30698559794661623
0.040380827314510835,0.7818506928922664,0.3069309529186332
0.04049026045086452,0.7818506928922664,0.30674721161792035
0.04049026045086452,0.7858739383102369,0.30461147789196974
0.04059969358721821,0.7858739383102369,0.30364086308317195
0.04059969358721821,0.7903442109968708,0.3015296241552505
0.040818559859925586,0.7903442109968708,0.30093155139303884
0.040818559859925586,0.7912382655341976,0.30043717332135245
0.041146859268986646,0.7912382655341976,0.29998109501754283
0.041146859268986646,0.7939204291461779,0.29835113084245674
0.04125629240534034,0.7939204291461779,0.2981537166675598
0.04125629240534034,0.7961555654894948,0.2960849877537702
0.04136572554169402,0.7961555654894948,0.29521766764058094
0.04136572554169402,0.797496647295485,0.29356448950526964
0.04180345808710877,0.797496647295485,0.29245970289882484
0.04180345808710877,0.7979436745641484,0.2921105384988706
0.041912891223462465,0.7979436745641484,0.29088199190741404
0.041912891223462465,0.7988377291014752,0.29013605537666615
0.04202232435981615,0.7988377291014752,0.28997792109302356
0.04202232435981615,0.7992847563701386,0.2899215470653717
0.04224119063252353,0.7992847563701386,0.28969095714359955
0.04224119063252353,0.8001788109074653,0.2893379880419708
0.04256949004158459,0.8001788109074653,0.2884216645450117
0.04256949004158459,0.8006258381761288,0.2882030094398386
0.04278835631429197,0.8006258381761288,0.2878814026952192
0.04278835631429197,0.8010728654447922,0.28738985404630285
0.04300722258699934,0.8010728654447922,0.2860876922400625
0.04300722258699934,0.8033080017881091,0.2849506129767422
0.04322608885970672,0.8033080017881091,0.28455161622895675
0.04322608885970672,0.8042020563254358,0.28444785331491707
0.04333552199606041,0.8042020563254358,0.284440564313861
0.04333552199606041,0.8046490835940993,0.28442812181227606
0.04366382140512147,0.8046490835940993,0.2837445396468095
0.04366382140512147,0.805543138131426,0.28342873657329215
0.044320420223243596,0.805543138131426,0.2817587945555187
0.044320420223243596,0.8073312472060795,0.28151759086417777
0.04453928649595097,0.8073312472060795,0.28085552155014104
0.04453928649595097,0.8086723290120698,0.28081353825329514
0.04475815276865835,0.8086723290120698,0.28036042992162347
0.04475815276865835,0.8091193562807332,0.2801338807955374
0.04486758590501204,0.8091193562807332,0.2800787970588395
0.04486758590501204,0.81135449262405,0.2796423443618291
0.04497701904136572,0.81135449262405,0.2796376493371277
0.04497701904136572,0.8118015198927134,0.27953886735455863
0.0451958853140731,0.8118015198927134,0.2793628774512279
0.0451958853140731,0.8122485471613768,0.27933989740503967
0.04574305099584154,0.8122485471613768,0.2784702723535228
0.04574305099584154,0.8126955744300403,0.2780146043623936
0.0460713504049026,0.8126955744300403,0.2776166237159235
0.0460713504049026,0.8131426016987037,0.277525757107498
0.04629021667760998,0.8131426016987037,0.27718355640715003
0.04629021667760998,0.813589628967367,0.2771503801518541
0.04639964981396367,0.813589628967367,0.2769874481504441
0.04639964981396367,0.8153777380420205,0.2766503467133167
0.04650908295031735,0.8153777380420205,0.2765169017228542
0.04650908295031735,0.8162717925793473,0.2762542742704505
0.04672794922302473,0.8162717925793473,0.2762250405675726
0.04672794922302473,0.8167188198480108,0.27610848743987465
0.04683738235937842,0.8167188198480108,0.2760212872300035
0.04683738235937842,0.8171658471166742,0.2759113205420816
0.04694681549573211,0.8171658471166742,0.27580299206293657
0.04694681549573211,0.8180599016540009,0.27569883278048524
0.04716568176843949,0.8180599016540009,0.27564773915741875
0.04716568176843949,0.8189539561913277,0.274940584528121
0.04749398117750055,0.8189539561913277,0.27470662336486024
0.04749398117750055,0.819400983459991,0.2747025688612257
0.04771284745020792,0.819400983459991,0.27427035154499846
0.04771284745020792,0.8198480107286544,0.2740676912669456
0.047822280586561614,0.8198480107286544,0.2739831383126483
0.047822280586561614,0.8202950379973178,0.2739602165043353
0.048150579995622673,0.8202950379973178,0.27374010004896915
0.048150579995622673,0.8211890925346446,0.2731069557079395
0.04836944626833005,0.8211890925346446,0.2728538534368216
0.04836944626833005,0.821636119803308,0.2728016863984496
0.04847887940468374,0.821636119803308,0.2727603209725492
0.04847887940468374,0.8220831470719714,0.27261995552362567
0.04913547822280587,0.8220831470719714,0.2715760157867204
0.04913547822280587,0.8225301743406348,0.27130101802368917
0.04935434449551324,0.8225301743406348,0.27088205939038834
0.04935434449551324,0.8229772016092982,0.2707415017687375
0.04946377763186693,0.8229772016092982,0.2705439725842093
0.04946377763186693,0.8238712561466249,0.27039507932364915
0.04957321076822062,0.8238712561466249,0.26983485499564075
0.04957321076822062,0.8243182834152883,0.26976899477868843
0.0496826439045743,0.8243182834152883,0.26968872378607883
0.0496826439045743,0.8247653106839518,0.26959065609681737
0.049792077040927994,0.8247653106839518,0.2693099309410499
0.049792077040927994,0.8252123379526151,0.26924797028964803
0.05001094331363537,0.8252123379526151,0.26902094231400175
0.05001094331363537,0.8270004470272687,0.2688809988172718
0.050120376449989054,0.8270004470272687,0.2687991034964169
0.050120376449989054,0.8287885561019223,0.2682747872933209
0.050558108995403805,0.8287885561019223,0.26762104509450607
0.050558108995403805,0.8292355833705856,0.2676201740721903
0.05077697526811118,0.8292355833705856,0.26744605841827673
0.05077697526811118,0.829682610639249,0.26738769092132614
0.05088640840446487,0.829682610639249,0.2673146735535551
0.05088640840446487,0.8314707197139025,0.2670719211758937
0.05099584154081856,0.8314707197139025,0.26668649884089896
0.05099584154081856,0.8319177469825659,0.26663917141939164
0.05110527467717225,0.8319177469825659,0.26652106085435834
0.05110527467717225,0.8332588287885561,0.2660261063198857
0.051324140949879624,0.8332588287885561,0.265942195644337
0.051324140949879624,0.8337058560572195,0.2656556790214347
0.051433574086233315,0.8337058560572195,0.26546294746450205
0.051433574086233315,0.8368350469378633,0.26457500255835315
0.051543007222587,0.8368350469378633,0.26437497748385935
0.051543007222587,0.8372820742065266,0.26433570326309686
0.051761873495294375,0.8372820742065266,0.2642346427359872
0.051761873495294375,0.83772910147519,0.2642225140552211
0.051871306631648066,0.83772910147519,0.2640574959220722
0.051871306631648066,0.8381761287438534,0.26393006120951634
0.05209017290435544,0.8381761287438534,0.2638567076336546
0.05209017290435544,0.8386231560125168,0.26381431888150847
0.052199606040709126,0.8386231560125168,0.26368411790391094
0.052199606040709126,0.8390701832811801,0.2634104415870711
0.0524184723134165,0.8390701832811801,0.2632953147438052
0.0524184723134165,0.8404112650871703,0.26288344990712265
0.05263733858612388,0.8404112650871703,0.26250941551509294
0.05263733858612388,0.8408582923558338,0.2625024100190892
0.05274677172247757,0.8408582923558338,0.26242529479586846
0.05274677172247757,0.8417523468931605,0.2623955369357178
0.05307507113153863,0.8417523468931605,0.26226129320243213
0.05307507113153863,0.8421993741618239,0.26225108210418285
0.05318450426789232,0.8421993741618239,0.2619400589889181
0.05318450426789232,0.8426464014304873,0.2618257217944317
0.05395053622236813,0.8426464014304873,0.2609850840714296
0.05395053622236813,0.8444345105051408,0.2597353715188624
0.05405996935872182,0.8444345105051408,0.2596274656857233
0.05405996935872182,0.8448815377738041,0.2596094603725287
0.05416940249507551,0.8448815377738041,0.2595933853797009
0.05416940249507551,0.8453285650424676,0.2594312071902512
0.054497701904136574,0.8453285650424676,0.25893082497408193
0.054497701904136574,0.845775592311131,0.2588145066092515
0.054826001313197634,0.845775592311131,0.25858175260025623
0.054826001313197634,0.8462226195797944,0.25778409096993304
0.054935434449551325,0.8462226195797944,0.25773592636436377
0.054935434449551325,0.8475637013857845,0.2573474691194847
0.055373166994966076,0.8475637013857845,0.25680640821049516
0.055373166994966076,0.8480107286544479,0.25587987688578706
0.05592033267673451,0.8480107286544479,0.2548123886015495
0.05592033267673451,0.8489047831917746,0.2543560945314307
0.056467498358502954,0.8489047831917746,0.2535417346745665
0.056467498358502954,0.8497988377291015,0.2532836554321444
0.056905230903917706,0.8497988377291015,0.25221159684021854
0.056905230903917706,0.8524810013410818,0.2499935118988308
0.0570146640402714,0.8524810013410818,0.24989506477302267
0.0570146640402714,0.8529280286097451,0.24937888979479836
0.05723353031297877,0.8529280286097451,0.24887559275674193
0.05723353031297877,0.8533750558784086,0.2486508926941996
0.057671262858393524,0.8533750558784086,0.24817591535004496
0.057671262858393524,0.853822083147072,0.24814679739899947
0.05898446049463778,0.853822083147072,0.24724271826206837
0.05898446049463778,0.8542691104157354,0.24721811768053106
0.05975049244911359,0.8542691104157354,0.24659502401049266
0.05975049244911359,0.8547161376843988,0.2465471981886968
0.05985992558546728,0.8547161376843988,0.24654639839946338
0.05985992558546728,0.8551631649530621,0.24644393337931314
0.059969358721820964,0.8551631649530621,0.2464200826596099
0.059969358721820964,0.8556101922217255,0.24633794207197823
0.060078791858174656,0.8556101922217255,0.24631179964708722
0.060078791858174656,0.8560572194903889,0.24624739324870437
0.06051652440358941,0.8560572194903889,0.24581638273010056
0.06051652440358941,0.8565042467590523,0.24580267511684004
0.06336178594878529,0.8565042467590523,0.2446963661669797
0.06336178594878529,0.8569512740277156,0.24467478870426018
0.06379951849420004,0.8569512740277156,0.24443798581570264
0.06379951849420004,0.8573983012963791,0.2443821647332187
0.06478441672138323,0.8573983012963791,0.24387177787893138
0.06478441672138323,0.8578453285650425,0.2438528809635976
0.06533158240315168,0.8578453285650425,0.24367732199406852
0.06533158240315168,0.8582923558337059,0.24365295622841016
0.0660976143576275,0.8582923558337059,0.24336614221229824
0.0660976143576275,0.8587393831023692,0.24332286777649736
0.06620704749398118,0.8587393831023692,0.24330756964336522
0.06620704749398118,0.859633437639696,0.24324818636666048
0.06675421317574962,0.859633437639696,0.24310683836440006
0.06675421317574962,0.8600804649083594,0.24307522421268457
0.066973079448457,0.8600804649083594,0.24293357369547233
0.066973079448457,0.8605274921770228,0.24292297030067825
0.06708251258481068,0.8605274921770228,0.24288371002146344
0.06708251258481068,0.8609745194456861,0.24268122647610826
0.06828627708470125,0.8609745194456861,0.24226466974824856
0.06828627708470125,0.8614215467143496,0.24220485022021918
0.06883344276646969,0.8614215467143496,0.241905498761794
0.06883344276646969,0.861868573983013,0.2418638711039958
0.06905230903917706,0.861868573983013,0.24185126225136355
0.06905230903917706,0.8623156012516764,0.24183882103514023
0.06970890785729919,0.8623156012516764,0.24151520381711236
0.06970890785729919,0.8627626285203397,0.24148763227234968
0.07047493981177501,0.8627626285203397,0.24112255959717627
0.07047493981177501,0.8632096557890031,0.2410431710148888
0.07069380608448238,0.8632096557890031,0.24101231780573393
0.07069380608448238,0.8636566830576665,0.24099916122321877
0.0714598380389582,0.8636566830576665,0.24080395869586568
0.0714598380389582,0.8641037103263299,0.24078256940913456
0.07178813744801926,0.8641037103263299,0.2405605722234313
0.07178813744801926,0.8645507375949933,0.24055270683440416
0.07189757058437295,0.8645507375949933,0.24053232390121582
0.07189757058437295,0.8649977648636566,0.24039929332977386
0.07211643685708033,0.8649977648636566,0.24028705855752883
0.07211643685708033,0.8654447921323201,0.24014481653489042
0.07244473626614138,0.8654447921323201,0.24000016138853014
0.07244473626614138,0.8672329012069736,0.2398911421392669
0.07364850076603195,0.8672329012069736,0.23920792047022926
0.07364850076603195,0.867679928475637,0.23907613253353677
0.07441453272050777,0.867679928475637,0.2387018625477793
0.07441453272050777,0.8685739830129638,0.23860026905344545
0.07474283212956884,0.8685739830129638,0.2384866866391534
0.07474283212956884,0.8690210102816271,0.23839928168193197
0.07616546290216678,0.8690210102816271,0.23758024110736078
0.07638432917487416,0.8690210102816271,0.2375601058313459
0.07791639308382578,0.8690210102816271,0.2368500318117804
0.07791639308382578,0.8703620920876174,0.2365413375657024
0.07912015758371635,0.8703620920876174,0.23583434696636255
0.07912015758371635,0.8708091193562807,0.23562956187033648
0.0795578901291311,0.8708091193562807,0.23528532431738514
0.0795578901291311,0.8712561466249441,0.2352731809387613
0.08065222149266799,0.8712561466249441,0.234757290417957
0.08065222149266799,0.8717031738936075,0.23475696650229527
0.08087108776537535,0.8717031738936075,0.23472612566364387
0.08087108776537535,0.8725972284309342,0.23466452422038547
0.08152768658349749,0.8725972284309342,0.23420857113787766
0.08163711971985117,0.8730442556995976,0.23417535645844084
0.08163711971985117,0.8734912829682611,0.23414976509218305
0.084154081855986,0.8734912829682611,0.23250577183363869
0.08437294812869336,0.8734912829682611,0.23238865216373683
0.0850295469468155,0.8734912829682611,0.23198737909774184
0.0850295469468155,0.8739383102369245,0.23198368129637648
0.08524841321952287,0.8739383102369245,0.23195109099275213
0.08524841321952287,0.8748323647742512,0.2318794536213422
0.08557671262858393,0.8748323647742512,0.23180367101454674
0.08557671262858393,0.8752793920429146,0.23176063646193837
0.08667104399212082,0.8752793920429146,0.2313592659526054
0.08667104399212082,0.875726419311578,0.23135880573897732
0.08688991026482819,0.875726419311578,0.23120296270915772
0.08688991026482819,0.8761734465802414,0.23119642948747507
0.08699934340118187,0.8761734465802414,0.23117058164014312
0.08699934340118187,0.8766204738489047,0.23115946601040338
0.08732764281024294,0.8766204738489047,0.2311258748302206
0.08732764281024294,0.8770675011175681,0.23102714899237814
0.08820310790107244,0.8770675011175681,0.23060387903554488
0.08820310790107244,0.8784085829235584,0.23058177711882413
0.08831254103742613,0.8784085829235584,0.23055730191183
0.08831254103742613,0.8788556101922217,0.2305354218702036
0.08940687240096301,0.8788556101922217,0.22974666505806257
0.08940687240096301,0.8793026374608851,0.22973105534266208
0.08973517181002408,0.8793026374608851,0.2296759627887037
0.08973517181002408,0.8797496647295485,0.22964051618689918
0.0905012037644999,0.8797496647295485,0.22942900884028736
0.0905012037644999,0.8806437192668752,0.22927286124639754
0.09093893630991465,0.8806437192668752,0.22920939952187114
0.09093893630991465,0.8810907465355386,0.229188580433371
0.09170496826439045,0.8810907465355386,0.22854177183089175
0.09170496826439045,0.8815377738042021,0.22853941656737237
0.09192383453709783,0.8815377738042021,0.22851661241226828
0.09192383453709783,0.8819848010728655,0.22849413134586952
0.09203326767345152,0.8819848010728655,0.22846881488744913
0.09203326767345152,0.8824318283415288,0.22838787364063298
0.09290873276428102,0.8824318283415288,0.2279811798107273
0.09290873276428102,0.8833258828788556,0.22797364482382562
0.09323703217334209,0.8833258828788556,0.2277508406894476
0.09323703217334209,0.8842199374161824,0.2276493514007611
0.09356533158240316,0.8842199374161824,0.22749427863558824
0.09356533158240316,0.8846669646848457,0.2273945927778358
0.09476909608229372,0.8846669646848457,0.22653017990974467
0.09476909608229372,0.8851139919535091,0.2264800756743386
0.09575399430947691,0.8851139919535091,0.22620029761874852
0.09575399430947691,0.8855610192221726,0.2260510758385915
0.09750492449113592,0.8855610192221726,0.2255538083404965
0.09750492449113592,0.8864550737594993,0.22548687872308001
0.09794265703655067,0.8864550737594993,0.22534967600189795
0.09794265703655067,0.8873491282968261,0.22520289050490472
0.09903698840008755,0.8873491282968261,0.22461660203393669
0.09903698840008755,0.8877961555654895,0.2245406290062384
0.10002188662727074,0.8877961555654895,0.2242320992045914
0.10002188662727074,0.8882431828341529,0.2241933970054898
0.10242941562705186,0.8882431828341529,0.22353832280045824
0.10242941562705186,0.8891372373714796,0.2234046347137264
0.10253884876340556,0.8891372373714796,0.22338527740679523
0.10253884876340556,0.8895842646401431,0.22331162194301046
0.10264828189975925,0.8895842646401431,0.22328131487027308
0.10264828189975925,0.8900312919088065,0.22321934959350279
0.10363318012694243,0.8900312919088065,0.22242123754364276
0.10385204639964982,0.8900312919088065,0.22240642938727564
0.10385204639964982,0.8904783191774698,0.22228014110217245
0.10418034580871088,0.8904783191774698,0.22217875342280596
0.10418034580871088,0.8913723737147966,0.22207650192352996
0.11348216239877434,0.9342869915064819,0.22203912669323977
0.11359159553512804,0.9342869915064819,0.2219649764926074
0.11359159553512804,0.9347340187751453,0.22191278014765256
0.1140293280805428,0.9347340187751453,0.22177545614222532
0.11424819435325016,0.9347340187751453,0.2217604930894602
0.11457649376231123,0.9347340187751453,0.2216447610319787
0.11457649376231123,0.9351810460438087,0.2215950800612207
0.11556139198949442,0.9351810460438087,0.22108395063708497
0.11556139198949442,0.9360751005811354,0.22096847140328202
0.11610855767126285,0.9360751005811354,0.220691006698806
0.11610855767126285,0.9365221278497988,0.22054579014392361
0.1166557233530313,0.9365221278497988,0.22034197324553198
0.1166557233530313,0.9374161823871257,0.22027885638122494
0.1175311884438608,0.9374161823871257,0.2198933225383606
0.1175311884438608,0.937863209655789,0.2197058472729224
0.12048588312541038,0.937863209655789,0.21788430956426671
0.12048588312541038,0.9383102369244524,0.21787615880798417
0.12092361567082513,0.9383102369244524,0.217786637139105
0.12092361567082513,0.9387572641931158,0.21773514838258676
0.12223681330706938,0.9387572641931158,0.21652513299405565
0.12223681330706938,0.9392042914617792,0.21648941566971922
0.1228934121251915,0.9392042914617792,0.2162009112679742
0.1228934121251915,0.9396513187304426,0.21617421474731166
0.12311227839789889,0.9396513187304426,0.216121119591976
0.12355001094331364,0.9396513187304426,0.21602443100732302
0.12355001094331364,0.9400983459991059,0.21600766814617547
0.12464434230685051,0.9400983459991059,0.2156186812031354
0.12464434230685051,0.9405453732677693,0.2155916958900996
0.12551980739768,0.9405453732677693,0.2152439213069735
0.12551980739768,0.9409924005364327,0.21521545745067602
0.12584810680674108,0.9409924005364327,0.21501109318347156
0.12584810680674108,0.9414394278050962,0.2149992043483224
0.12606697307944845,0.9414394278050962,0.21491788541278897
0.12606697307944845,0.9418864550737595,0.21491466853531804
0.12672357189757058,0.9418864550737595,0.2146373883248352
0.12672357189757058,0.9423334823424229,0.21459219779485222
0.12727073757933902,0.9423334823424229,0.21440474928239872
0.12727073757933902,0.9427805096110863,0.2142385078722631
0.12738017071569271,0.9427805096110863,0.21416448144887215
0.12738017071569271,0.9432275368797497,0.2141592425575762
0.12781790326110745,0.9432275368797497,0.2139628078843067
0.12781790326110745,0.9436745641484131,0.21391917492945192
0.12792733639746115,0.9436745641484131,0.21387082701567078
0.12792733639746115,0.9441215914170764,0.21386878562108003
0.12836506894287592,0.9441215914170764,0.2136869313703856
0.12836506894287592,0.9445686186857398,0.21368468679151764
0.12891223462464435,0.9445686186857398,0.21332269218941277
0.12891223462464435,0.9450156459544032,0.2133084766290822
0.1293499671700591,0.9450156459544032,0.2127269891534874
0.1293499671700591,0.9454626732230667,0.2126433531826711
0.1294594003064128,0.9454626732230667,0.21260751654343507
0.1294594003064128,0.94590970049173,0.21255453096221516
0.12967826657912015,0.94590970049173,0.21253824487611692
0.1303348653972423,0.94590970049173,0.21235917043477415
0.1303348653972423,0.9468037550290568,0.21224477309563775
0.13077259794265703,0.9468037550290568,0.21206811149082064
0.13077259794265703,0.9472507822977202,0.212049035848211
0.13274239439702343,0.9472507822977202,0.2111800435957254
0.13274239439702343,0.9476978095663835,0.21113308593042804
0.13525935653315824,0.9476978095663835,0.20987553402819933
0.13525935653315824,0.9481448368350469,0.20979025981240143
0.13624425476034144,0.9481448368350469,0.2092680043178753
0.13624425476034144,0.9485918641037103,0.20923788669138452
0.13799518494200044,0.9485918641037103,0.20845485890169793
0.13799518494200044,0.9490388913723737,0.20843857899883098
0.13908951630553731,0.9490388913723737,0.20786408341179916
0.13908951630553731,0.9494859186410372,0.2077653177368325
0.14073101335084265,0.9494859186410372,0.20698196852041328
0.14094987962355002,0.9494859186410372,0.20690233935497376
0.14160647844167215,0.9494859186410372,0.20664487072816684
0.14160647844167215,0.9499329459097005,0.20634614238343363
0.14270080980520902,0.9499329459097005,0.20584961266265936
0.14270080980520902,0.9503799731783639,0.20583889286907683
0.1428102429415627,0.9503799731783639,0.20576425364646725
0.1428102429415627,0.9508270004470273,0.20573917294174815
0.1429196760779164,0.9508270004470273,0.20573393719091226
0.1429196760779164,0.9512740277156907,0.20560095683702106
0.14346684175968483,0.9512740277156907,0.20510736256852563
0.14346684175968483,0.951721054984354,0.20509330982557225
0.14434230685051433,0.951721054984354,0.2046215225295872
0.14434230685051433,0.9521680822530174,0.20458900878625585
0.14499890566863646,0.9521680822530174,0.2044288185461496
0.14499890566863646,0.9526151095216808,0.20439632755415324
0.14762530094112497,0.9526151095216808,0.20303488114969928
0.14762530094112497,0.9530621367903442,0.2030195734986749
0.15068942875902824,0.9530621367903442,0.20199113919627498
0.15068942875902824,0.9535091640590077,0.20195260142292257
0.1507988618953819,0.953956191327671,0.2019129412100037
0.1510177281680893,0.953956191327671,0.20185822518020807
0.1510177281680893,0.9544032185963344,0.20180019175653557
0.15134602757715035,0.9544032185963344,0.20157812160861996
0.15134602757715035,0.9548502458649978,0.201460861036954
0.15254979207704092,0.9548502458649978,0.20090758926205168
0.15254979207704092,0.9557443004023245,0.20083419416935047
0.15342525716787042,0.9557443004023245,0.2006259392145578
0.15342525716787042,0.9561913276709879,0.20037029546579094
0.1565988181221274,0.9561913276709879,0.19888750337084193
0.1565988181221274,0.9566383549396513,0.1988700434874644
0.1572554169402495,0.9566383549396513,0.19856045929572835
0.1574742832129569,0.9566383549396513,0.19855591748309928
0.15845918144014007,0.9566383549396513,0.19768986404071495
0.15845918144014007,0.9570853822083147,0.19768136556953028
0.1601006784854454,0.9570853822083147,0.19689434817222515
0.1601006784854454,0.957532409476978,0.19685824583839698
0.16568176843948348,0.957532409476978,0.19409559771974574
0.16568176843948348,0.9579794367456415,0.1940509570491042
0.1663383672576056,0.9579794367456415,0.19379442446649356
0.1663383672576056,0.9584264640143049,0.19377490562955607
0.16787043116655723,0.9584264640143049,0.192566654398197
0.1680892974392646,0.9584264640143049,0.1924978795229508
0.16973079448456993,0.9584264640143049,0.19173374421893818
0.1699496607572773,0.9584264640143049,0.19169393986894906
0.17148172466622894,0.9584264640143049,0.1910440154247084
0.1717005909389363,0.9584264640143049,0.19102484605142075
0.17246662289341214,0.9584264640143049,0.19046533123730736
0.17246662289341214,0.9588734912829683,0.19045266910940556
0.173560954256949,0.9588734912829683,0.18983682740302688
0.173560954256949,0.9593205185516317,0.18981541871509355
0.17388925366601007,0.9593205185516317,0.18976460489382904
0.17410811993871744,0.9593205185516317,0.1897512454843307
0.17717224775662072,0.9593205185516317,0.1873460328325362
0.17717224775662072,0.959767545820295,0.1872626674035456
0.17760998030203545,0.959767545820295,0.1870455738227497
0.17760998030203545,0.9602145730889584,0.1867571396714726
0.17804771284745022,0.9602145730889584,0.18650152264508982
0.17804771284745022,0.9606616003576218,0.1861769751237792
0.17837601225651128,0.9606616003576218,0.18595437150216199
0.17859487852921865,0.9606616003576218,0.1859500511349252
0.17881374480192602,0.9606616003576218,0.18586109096494322
0.1790326110746334,0.9606616003576218,0.1858291122953398
0.1801269424381703,0.9606616003576218,0.1852253286459308
0.1801269424381703,0.9611086276262852,0.18507945228939657
0.18297220398336617,0.9611086276262852,0.18318594051073037
0.18297220398336617,0.9615556548949485,0.18318005840917453
0.1845042678923178,0.9615556548949485,0.18232699018446158
0.1845042678923178,0.962002682163612,0.1822886982672699
0.18494200043773254,0.962002682163612,0.18200613516496736
0.1851608667104399,0.962002682163612,0.18198471227745872
0.18833442766469688,0.962002682163612,0.180584695760294
0.18844386080105055,0.9624497094322754,0.18055302299392445
0.19161742175530752,0.9624497094322754,0.17895603184985118
0.19161742175530752,0.9628967367009388,0.17887427217031396
0.19402495075508863,0.9628967367009388,0.1776263654076181
0.19402495075508863,0.9633437639696022,0.17760760507407303
0.1997154738454804,0.9633437639696022,0.17446555966428512
0.19993434011818778,0.9633437639696022,0.17443473166645249
0.20420223243598162,0.9633437639696022,0.1730417050284112
0.20420223243598162,0.9637907912382655,0.17302178589387315
0.20584372948128693,0.9637907912382655,0.17218470132398922
0.2060625957539943,0.9637907912382655,0.17217147121580056
0.20639089516305537,0.9637907912382655,0.17184628222417944
0.20639089516305537,0.9642378185069289,0.17173258112979986
0.2086889910264828,0.9642378185069289,0.17086554891246478
0.2089078572991902,0.9642378185069289,0.170604906303324
0.20912672357189757,0.9642378185069289,0.17056194050421225
0.20912672357189757,0.9646848457755923,0.170534738853773
0.2106587874808492,0.9646848457755923,0.16976251300682474
0.2106587874808492,0.9651318730442557,0.1697383783993438
0.21197198511709345,0.9651318730442557,0.1691941868114183
0.21197198511709345,0.965578900312919,0.16919054526887348
0.21251915079886188,0.965578900312919,0.1685068589355086
0.21251915079886188,0.9660259275815825,0.16846363801785336
0.21262858393521558,0.9660259275815825,0.16845458635956675
0.21262858393521558,0.9664729548502459,0.1684216618309747
0.21372291529875245,0.9664729548502459,0.16781041640557767
0.2143795141168746,0.9664729548502459,0.16777180210440706
0.21481724666228935,0.9664729548502459,0.167082337714284
0.21481724666228935,0.9669199821189093,0.16705105162981312
0.22094550229809587,0.9669199821189093,0.1646440379408788
0.22094550229809587,0.9673670093875727,0.16463863121384548
0.22576056029765812,0.9673670093875727,0.16263628158304705
0.22576056029765812,0.967814036656236,0.16260372235678183
0.22586999343401182,0.967814036656236,0.16255739384665918
0.22586999343401182,0.9682610639248994,0.16254737957503967
0.22685489166119502,0.9682610639248994,0.1620327765358742
0.22685489166119502,0.9687080911935628,0.16190153624513876
0.2270737579339024,0.9687080911935628,0.16171912677795594
0.2270737579339024,0.9691551184622262,0.16166350565317134
0.2278397898883782,0.9691551184622262,0.16120518471745554
0.2278397898883782,0.9696021457308895,0.16114777729072274
0.22849638870650033,0.9696021457308895,0.16090631607543338
0.22849638870650033,0.970049172999553,0.16086633108641463
0.23166994966075727,0.970049172999553,0.15959795097255347
0.23166994966075727,0.9704962002682164,0.15957985626600216
0.23177938279711097,0.9704962002682164,0.1595266644466757
0.23177938279711097,0.9709432275368798,0.1594727083287178
0.23374917925147734,0.9709432275368798,0.15870097186145427
0.23374917925147734,0.9713902548055431,0.15869381795608833
0.23440577806959947,0.9713902548055431,0.1584517475734212
0.23440577806959947,0.9718372820742065,0.15841204317923438
0.23473407747866054,0.9718372820742065,0.15828795287455782
0.23473407747866054,0.9722843093428699,0.15822568617791108
0.23615670825125848,0.9722843093428699,0.15772977150878184
0.23615670825125848,0.9727313366115333,0.15766153281937853
0.23801707156927118,0.9727313366115333,0.15690682682754817
0.23823593784197855,0.9727313366115333,0.15688983734293324
0.2397680017509302,0.9727313366115333,0.1561513029579112
0.2397680017509302,0.9731783638801967,0.15609301950857374
0.23987743488728386,0.9731783638801967,0.15599717241448766
0.23987743488728386,0.97362539114886,0.15593330100868766
0.24097176625082076,0.97362539114886,0.15542122384889168
0.24119063252352813,0.97362539114886,0.15540998483145133
0.2433792952506019,0.97362539114886,0.1541993782902786
0.2433792952506019,0.9740724184175235,0.15418563824867812
0.24480192602319983,0.9740724184175235,0.1535882661549144
0.24480192602319983,0.9745194456861869,0.15354050380286474
0.24622455679579777,0.9745194456861869,0.15291219139549475
0.24622455679579777,0.9749664729548503,0.1529114260262724
0.2466622893412125,0.9749664729548503,0.1527059078166744
0.2466622893412125,0.9754135002235136,0.15268235872585076
0.24699058875027358,0.9754135002235136,0.15254349410795764
0.24699058875027358,0.975860527492177,0.1525232023568971
0.24917925147734735,0.975860527492177,0.15167661859288986
0.24917925147734735,0.9767545820295038,0.151467860431578
0.25027358284088425,0.9767545820295038,0.1510332369913132
0.25027358284088425,0.9772016092981672,0.15087821853811184
0.25147734734077476,0.9772016092981672,0.15034652124303644
0.25147734734077476,0.9776486365668305,0.15030686772534005
0.252462245567958,0.9776486365668305,0.1500423422842164
0.252462245567958,0.978095663835494,0.15000093532117062
0.252790544977019,0.978095663835494,0.1498489580975526
0.2530094112497264,0.978095663835494,0.14983892761305126
0.25344714379514116,0.978095663835494,0.14977501147630312
0.25366601006784856,0.978095663835494,0.14969143758409156
0.25454147515867803,0.978095663835494,0.1494010450189936
0.25476034143138543,0.978095663835494,0.14937928430847938
0.25530750711315386,0.978095663835494,0.14900425420444502
0.25530750711315386,0.9785426911041574,0.14888131712824232
0.25640183847669074,0.9785426911041574,0.14835586962854166
0.25640183847669074,0.9789897183728208,0.1482747517189267
0.2588093674764719,0.9789897183728208,0.14727909943730788
0.25902823374917927,0.9789897183728208,0.14726476238246208
0.2603414313854235,0.9789897183728208,0.14687988638244956
0.2603414313854235,0.9794367456414841,0.1468392013828823
0.2604508645217772,0.9794367456414841,0.14682624900597224
0.2604508645217772,0.9798837729101475,0.14672438266755536
0.2623112278397899,0.9798837729101475,0.1458336583753147
0.2623112278397899,0.9803308001788109,0.14575200915907377
0.2625300941124973,0.9803308001788109,0.14558463421373513
0.2625300941124973,0.9807778274474743,0.14553848755652213
0.2627489603852046,0.9807778274474743,0.14552251654139328
0.2627489603852046,0.9812248547161377,0.14551407954148723
0.2644998905668636,0.9812248547161377,0.1448212305468298
0.2644998905668636,0.981671881984801,0.14480885936485507
0.26690741956664477,0.981671881984801,0.1441297953800507
0.26690741956664477,0.9821189092534645,0.14411747330927702
0.26723571897570586,0.9821189092534645,0.14404608611622977
0.26723571897570586,0.9825659365221279,0.1439929731831354
0.26865834974830377,0.9825659365221279,0.14350073213007322
0.26865834974830377,0.9830129637907913,0.1434888849419352
0.26887721602101117,0.9830129637907913,0.1434744246863474
0.2694243817027796,0.9830129637907913,0.14331852005886506
0.2694243817027796,0.9834599910594546,0.14328906279166864
0.2695338148391333,0.9834599910594546,0.14318355698887164
0.2695338148391333,0.983907018328118,0.14314679548970674
0.27161304442985335,0.983907018328118,0.1419136418750381
0.27161304442985335,0.9843540455967814,0.1418498809363494
0.2740205734296345,0.9843540455967814,0.14102459428072628
0.2741300065659882,0.9848010728654448,0.14101595109413617
0.2743488728386956,0.9848010728654448,0.14096755743126446
0.27544320420223245,0.9848010728654448,0.14069128848052925
0.2758809367476472,0.9848010728654448,0.14063571551963525
0.27894506456555046,0.9848010728654448,0.13965416668370592
0.2793827971109652,0.9848010728654448,0.13954820344686172
0.27971109652002624,0.9848010728654448,0.1393800540869832
0.28014882906544103,0.9848010728654448,0.13932318660529494
0.28047712847450207,0.9848010728654448,0.13932264232865862
0.28058656161085577,0.9848010728654448,0.13932207213599856
0.2813525935653316,0.9848010728654448,0.13932152786301125
0.28332239001969795,0.9848010728654448,0.13932095767417396
0.28376012256511274,0.9848010728654448,0.13932041340483559
0.2841978551105275,0.9848010728654448,0.1392743643069616
0.2844167213832348,0.9848010728654448,0.13927392383134235
0.28529218647406435,0.9848010728654448,0.13915720867839737
0.2856204858831254,0.9848010728654448,0.1391444487375611
0.2861676515648939,0.9848010728654448,0.13912798344896712
0.2864959509739549,0.9848010728654448,0.13911188218381684
0.28693368351936965,0.9848010728654448,0.13911159744881393
0.28715254979207705,0.9848010728654448,0.13911128682936813
0.2874808492011381,0.9848010728654448,0.13907905116089905
0.2882468811556139,0.9848010728654448,0.1390534699728613
0.2883563142919676,0.9848010728654448,0.13905318533810543
0.28857518056467496,0.9848010728654448,0.13905290070383813
0.28868461370102866,0.9848010728654448,0.13905261607005928
0.28901291311008975,0.9848010728654448,0.13905230556103956
0.2892317793827971,0.9848010728654448,0.13905173629601342
0.2896695119282119,0.9848010728654448,0.13903851437181114
0.28988837820091923,0.9848010728654448,0.1390384108775414
0.2901072444736266,0.9848010728654448,0.13903825563625782
0.29032611074633397,0.9848010728654448,0.13903812626863254
0.29054497701904136,0.9848010728654448,0.13903753117885634
0.29174874151893193,0.9848010728654448,0.13902229243352546
0.2919676077916393,0.9848010728654448,0.13902200785228308
0.29229590720070037,0.9848010728654448,0.13902172327152926
0.29251477347340776,0.9848010728654448,0.1390080680143182
0.29339023856423724,0.9848010728654448,0.13899544046438328
0.29404683738235937,0.9848010728654448,0.13898550789006736
0.29514116874589624,0.9848010728654448,0.13898545615946759
0.29612606697307947,0.9848010728654448,0.13898543029417376
0.2963449332457868,0.9848010728654448,0.13898537856359822
0.2965637995184942,0.9848010728654448,0.13898535269831652
0.2966732326548479,0.9848010728654448,0.1389853268330388
0.29689209892755525,0.9848010728654448,0.13898522337196845
0.29722039833661634,0.9848010728654448,0.1389847060675853
0.2975486977456774,0.9848010728654448,0.13898434395547787
0.29897132851827535,0.9848010728654448,0.13895904979627452
0.2991901947909827,0.9848010728654448,0.1389590239351018
0.2997373604727511,0.9848010728654448,0.13895897221276848
0.3001750930181659,0.9848010728654448,0.13895894635160794
0.3010505581089954,0.9848010728654448,0.1389578601865079
0.3013788575180565,0.9848010728654448,0.13895778260355893
0.3061939155176187,0.9848010728654448,0.13717970799076573
0.3061939155176187,0.9852481001341081,0.1371442412143033
0.3096957758809368,0.9852481001341081,0.1354358493167269
0.3096957758809368,0.986142154671435,0.13533937148456884
0.311008973517181,0.986142154671435,0.13492367844996764
0.311008973517181,0.9865891819400984,0.13488578163437487
0.3114467060625958,0.9865891819400984,0.13463245652590028
0.3118844386080105,0.9865891819400984,0.13457376421464615
0.3119938717443642,0.9865891819400984,0.13453059378306004
0.3119938717443642,0.9870362092087618,0.1345028258566893
0.31254103742613265,0.9870362092087618,0.1343152145796175
0.31254103742613265,0.9879302637460885,0.13428037313806454
0.31680892974392644,0.9879302637460885,0.13242500531426568
0.31680892974392644,0.9883772910147519,0.13241393115579286
0.31702779601663383,0.9883772910147519,0.13231191944472825
0.31702779601663383,0.9888243182834153,0.13227628199099944
0.31746552856204857,0.9888243182834153,0.1321694495808573
0.31746552856204857,0.9892713455520786,0.13215348345249353
0.31768439483475597,0.9892713455520786,0.1320532774590642
0.31790326110746336,0.9892713455520786,0.1319117758079652
0.31877872619829284,0.9892713455520786,0.13166774990152028
0.31899759247100024,0.9892713455520786,0.13164980370828894
0.319435325016415,0.9892713455520786,0.1314704558917518
0.319435325016415,0.989718372820742,0.13145293209571668
0.32042022324359815,0.989718372820742,0.13116116169103775
0.32042022324359815,0.9901654000894055,0.13112416149109837
0.3228277522433793,0.9901654000894055,0.12960462743278145
0.3228277522433793,0.9906124273580689,0.12956277794334334
0.3249069818340994,0.9906124273580689,0.12865299448228035
0.3249069818340994,0.9910594546267323,0.128573420598959
0.3251258481068067,0.9910594546267323,0.1283937609826218
0.3251258481068067,0.9915064818953956,0.12836890015856217
0.32567301378857516,0.9915064818953956,0.12823068921306535
0.32589188006128256,0.9915064818953956,0.128221968898853
0.32818997592471,0.9915064818953956,0.1274579476594526
0.32818997592471,0.991953509164059,0.12740597302405496
0.3326767345152112,0.991953509164059,0.12588716078956413
0.3326767345152112,0.9924005364327224,0.1258687032108874
0.3327861676515649,0.9924005364327224,0.12586831814825794
0.3327861676515649,0.9928475637013858,0.12579611038730515
0.33563142919676076,0.9928475637013858,0.1249058610691644
0.33585029546946815,0.9928475637013858,0.12489806213249387
0.336616327423944,0.9928475637013858,0.12467830394304392
0.336616327423944,0.9932945909700491,0.12466117363798379
0.3400087546509083,0.9932945909700491,0.12286446848209154
0.3400087546509083,0.9937416182387125,0.12271574532546903
0.340118187787262,0.9937416182387125,0.12270438701423154
0.340118187787262,0.994188645507376,0.12253917855607739
0.3415408185598599,0.994188645507376,0.12171262892202504
0.3415408185598599,0.9946356727760394,0.12167907194712176
0.3434011818778726,0.9946356727760394,0.12069120735935449
0.3434011818778726,0.9950827000447027,0.12067606362580335
0.34383891442328735,0.9950827000447027,0.12055497276694994
0.34383891442328735,0.9955297273133661,0.12049786224499098
0.34394834755964104,0.9955297273133661,0.1204869052458744
0.34394834755964104,0.9959767545820295,0.12043435750149556
0.34427664696870214,0.9959767545820295,0.12029036713402205
0.3444955132414095,0.9959767545820295,0.12023307949178873
0.34580871087765375,0.9959767545820295,0.11988030589776627
0.34580871087765375,0.9964237818506929,0.11986223906695091
0.3481068067410812,0.9964237818506929,0.11873324187114395
0.3481068067410812,0.9968708091193563,0.11864069445070824
0.350623768877216,0.9968708091193563,0.11757791842169177
0.350623768877216,0.997764863656683,0.11755607409710538
0.3519369665134603,0.997764863656683,0.1171920285280497
0.3519369665134603,0.9982118909253465,0.11715364760629816
0.35237469905887503,0.9982118909253465,0.11707396821788005
0.35237469905887503,0.9986589181940099,0.11695748491358995
0.3565331582403152,0.9986589181940099,0.11515245773065354
0.35675202451302257,0.9986589181940099,0.11514373368317796
0.3568614576493762,0.9986589181940099,0.11504344845480649
0.3568614576493762,0.9995529727313366,0.1149508542642615
0.357299190194791,0.9995529727313366,0.11478509244824608
0.35751805646749835,0.9995529727313366,0.11476624355115074
0.38093674764718755,0.9995529727313366,0.033538983724527655
0.38093674764718755,1.0,0.033452001211411835
0.3994309476909608,1.0,0.0226711372620489
0.39997811337272926,1.0,0.02263151915851515
0.4006347121908514,1.0,0.0223976351511948
0.4008535784635588,1.0,0.02235898398933235
0.40194790982709566,1.0,0.02233957866048453
0.4022762092361567,1.0,0.022339569219212232
0.4177062814620267,1.0,0.0020953409527180718
0.4196760779163931,1.0,0.002094478311528046
0.45228715254979207,1.0,0.00029472001335463245
0.45250601882249947,1.0,0.0002945896843591027
0.46432479754869777,1.0,0.00016923582725154865
0.4645436638214051,1.0,0.0001679583796076726
0.46892098927555265,1.0,0.00014144588078401007
0.47045305318450426,1.0,0.00014033226392253442
0.47067191945721165,1.0,0.00013989381045785156
0.4736266141387612,1.0,0.0001049607024646524
0.47395491354782227,1.0,0.00010092812148650654
0.48084920113810464,1.0,7.279487265364366e-05
0.481068067410812,1.0,7.248391541127096e-05
0.5027358284088422,1.0,6.153243761850485e-05
0.5029546946815495,1.0,6.141401562570076e-05
0.5401619610418035,1.0,4.737337080417197e-05
0.5403808273145109,1.0,4.73657951499243e-05
0.5507769752681112,1.0,4.4661096999969056e-05
0.5509958415408186,1.0,4.4630136478721483e-05
0.5804333552199606,1.0,3.813013347555092e-05
0.5810899540380827,1.0,3.8110895971558616e-05
0.6250820748522653,1.0,2.9711354339890438e-05
0.62551980739768,1.0,2.961752201380835e-05
0.6316480630334865,1.0,2.4378731188672953e-05
0.6318669293061939,1.0,2.4374420823132134e-05
0.6501422630772598,1.0,1.9880020143366917e-05
0.651127161304443,1.0,1.9859551485903887e-05
0.6579120157583717,1.0,1.864625511034416e-05
0.6582403151674326,1.0,1.8630525209680962e-05
0.6616327423943971,1.0,1.4171119449821128e-05
0.6618516086671044,1.0,1.415798084106729e-05
0.6808929743926461,1.0,1.0393883389009777e-05
0.6812212738017072,1.0,1.034870285158091e-05
0.702998467936091,1.0,6.724645869767657e-06
0.7032173342087984,1.0,6.718542333577612e-06
0.7733639746115124,1.0,1.0598082564124304e-06
0.7740205734296345,1.0,1.0316547325108495e-06
0.8205296563799519,1.0,1.9100670441099153e-07
0.8208579557890129,1.0,1.876593052845774e-07
0.8253447143795141,1.0,1.6132072087976226e-07
0.8255635806522215,1.0,1.6113435622705326e-07
0.8353031297876997,1.0,1.5236357504574078e-07
0.8355219960604071,1.0,1.5234835566937795e-07
0.8439483475596411,1.0,1.4498095209296838e-07
0.8441672138323484,1.0,1.4493836255767872e-07
0.8587218209673889,1.0,1.325293267892409e-07
0.8589406872400963,1.0,1.324423573541513e-07
0.8661632742394397,1.0,1.266278539541264e-07
0.8663821405121471,1.0,1.2654656309994497e-07
0.872729262420661,1.0,1.217721060976407e-07
0.8729481286933684,1.0,1.2172867010752597e-07
0.8803895819654192,1.0,1.1595845970153772e-07
0.8806084482381265,1.0,1.1581292994127404e-07
0.8875027358284089,1.0,1.1133534895191012e-07
0.8877216021011162,1.0,1.1125752438830773e-07
0.8900196979645436,1.0,1.0961381501343154e-07
0.890238564237251,1.0,1.0961068656886602e-07
0.9259137666885533,1.0,8.760061641571833e-08
0.9261326329612607,1.0,8.759561613783368e-08
0.9296344933245787,1.0,8.595242888471893e-08
0.9298533595972861,1.0,8.593280577015814e-08
0.9486758590501204,1.0,7.696419172340841e-08
0.9491135915955351,1.0,7.69213692391004e-08
0.9627927336397462,1.0,7.11422390055494e-08
0.9630115999124534,1.0,7.106309467003443e-08
0.9632304661851608,1.0,7.093239528868736e-08
0.9634493324578682,1.0,7.087472099946972e-08
0.9766907419566645,1.0,6.640477476160067e-08
0.9769096082293719,1.0,6.639245671712655e-08
1.0,1.0,2.5250434427396706e-61
